<core:FragmentDefinition xmlns:core="sap.ui.core" xmlns="sap.m" xmlns:upload="sap.m.upload" xmlns:macros="sap.fe.macros">
	<VBox id="_IDGenVBox1" core:require="{ handler: 'clglecturer/ext/fragment/DocAttachment'}">
		<!-- <Button id="_IDGenButton1" text="DocAttachment" press="handler.onPress" /> -->
        <App id="app">
            <pages>
                <Page id="page" showHeader="false">
                    <upload:UploadSet
                        id="uploadSet"
                        instantUpload="false"
                        sameFilenameAllowed="false"
                        uploadEnabled="false"
                        afterItemAdded="handler.onAfterItemAdded"
					    uploadCompleted="handler.onUploadCompleted"
                        afterItemRemoved="handler.onAfterItemRemoved"
                        fileRenamed="handler.onFileRenamed"
                        items="{
                                    path: 'clgToFile',
                                    parameters: {
                                        $orderby: 'createdAt desc'
                                    },
                                    templateShareable: false}">
                        <upload:toolbar>
                            <OverflowToolbar id="_IDGenOverflowToolbar1">
                                <ToolbarSpacer id="_IDGenToolbarSpacer1"/>
                                <upload:UploadSetToolbarPlaceholder id="_IDGenUploadSetToolbarPlaceholder1" />
                            </OverflowToolbar>
                        </upload:toolbar>
                        <upload:items>
                            <upload:UploadSetItem id="_IDGenUploadSetItem1"
                                fileName="{fileName}"
                                mediaType="{mediaType}"
                                url="{url}"
                                enabledEdit="false"
                                visibleEdit="false"
                                openPressed="handler.onOpenPressed">
                                <upload:attributes>
                                    <ObjectAttribute id="_IDGenObjectAttribute1"
                                        title="Uploaded By"
                                        text="{createdBy}"
                                        active="false"/>
                                    <ObjectAttribute id="_IDGenObjectAttribute2"
                                        title="Uploaded on"
                                        text="{createdAt}"
                                        active="false"/>
                                    <ObjectAttribute id="_IDGenObjectAttribute3"
                                        title="File Size"
                                        text="{size}"
                                        active="false"/>
                                </upload:attributes>
                            </upload:UploadSetItem>
                        </upload:items>
                    </upload:UploadSet>
                </Page>
            </pages>
        </App>
	</VBox>
</core:FragmentDefinition>
		
