{
  "Component.js.map": 1725010428529,
  "manifest.json": 1725010428371,
  "ext/controller/File.js": 1721141854827,
  "ext/controller/Popup.controller.js": 1721297854498,
  "Component.js": 1721042039315,
  "ext/controller/File-dbg.js": 1721141854827,
  "ext/controller/File.js.map": 1725010428529,
  "ext/controller/Popup-dbg.controller.js": 1721297854498,
  "ext/controller/Popup.controller.js.map": 1725010428530,
  "Component-dbg.js": 1721042039315,
  "i18n/i18n.properties": 1721042097482,
  "Component-preload.js": 1725010428727,
  "Component-preload.js.map": 1725010428727,
  "index.html": 1721296941912
}