{
  "ext/controller/DisableCreateList.controller.js.map": 1725212991414,
  "manifest.json": 1725212991234,
  "ext/controller/DisableCreateList.controller.js": 1724737172630,
  "ext/controller/DeptObjEditDisable.controller.js": 1722485622083,
  "ext/controller/DisableDelete.controller.js": 1724689340393,
  "Component.js": 1721733449368,
  "ext/controller/DisableDelete-dbg.controller.js": 1724689340393,
  "ext/controller/DisableDelete.controller.js.map": 1725212991418,
  "ext/controller/DeptObjEditDisable-dbg.controller.js": 1722485622083,
  "ext/controller/DeptObjEditDisable.controller.js.map": 1725212991416,
  "ext/controller/DisableCreateList-dbg.controller.js": 1724737172630,
  "i18n/i18n.properties": 1721733469297,
  "Component-dbg.js": 1721733449368,
  "Component.js.map": 1725212991405,
  "Component-preload.js": 1725212991609,
  "Component-preload.js.map": 1725212991609,
  "index.html": 1721733449368
}