{
  "utils/locate-reuse-libs-dbg.js": 1725012163639,
  "controller/LecturerApprovalTaskUI.controller.js": 1725012163651,
  "model/models.js": 1725012163647,
  "utils/locate-reuse-libs.js": 1725012163639,
  "controller/App.controller.js": 1725086505240,
  "manifest.json": 1725213007447,
  "Component.js": 1725014798560,
  "model/models-dbg.js": 1725012163647,
  "model/models.js.map": 1725213007589,
  "controller/LecturerApprovalTaskUI-dbg.controller.js": 1725012163651,
  "controller/LecturerApprovalTaskUI.controller.js.map": 1725213007584,
  "i18n/i18n.properties": 1725012163639,
  "utils/locate-reuse-libs.js.map": 1725213007601,
  "controller/App-dbg.controller.js": 1725086505240,
  "controller/App.controller.js.map": 1725213007591,
  "Component-dbg.js": 1725014798560,
  "Component.js.map": 1725213007597,
  "Component-preload.js": 1725213007780,
  "Component-preload.js.map": 1725213007781,
  "view/LecturerApprovalTaskUI.view.xml": 1725012179955,
  "view/App.view.xml": 1725013910971,
  "css/style.css": 1725012163647,
  "index.html": 1725012163635
}