{
  "manifest.json": 1725010448339,
  "Component.js": 1724837772965,
  "model/models.js": 1724585909146,
  "controller/LecturerApprovalForm.controller.js": 1724585909154,
  "controller/App.controller.js": 1725010373551,
  "i18n/i18n.properties": 1724585909146,
  "utils/locate-reuse-libs.js": 1724585909146,
  "Component-dbg.js": 1724837772965,
  "Component.js.map": 1725010448498,
  "model/models-dbg.js": 1724585909146,
  "model/models.js.map": 1725010448488,
  "controller/LecturerApprovalForm-dbg.controller.js": 1724585909154,
  "controller/LecturerApprovalForm.controller.js.map": 1725010448487,
  "controller/App-dbg.controller.js": 1725010373551,
  "controller/App.controller.js.map": 1725010448494,
  "utils/locate-reuse-libs-dbg.js": 1724585909146,
  "utils/locate-reuse-libs.js.map": 1725010448502,
  "Component-preload.js": 1725010448681,
  "Component-preload.js.map": 1725010448681,
  "view/LecturerApprovalForm.view.xml": 1724827977361,
  "view/App.view.xml": 1725002472386,
  "css/style.css": 1724585909150,
  "index.html": 1724585909142
}